STL_Type,Count,SampleFiles
std::string,10320,"openbmc/meta-nvidia/meta-gb200nvl-obmc/recipes-nvidia/platform-init/files/platform_init.cpp:26, openbmc/meta-nvidia/meta-gb200nvl-obmc/recipes-nvidia/platform-init/files/platform_init.cpp:129, openbmc/meta-nvidia/meta-gb200nvl-obmc/recipes-nvidia/platform-init/files/platform_init.cpp:133"
std::vector,3612,"bmcweb/test/include/str_utility_test.cpp:19, bmcweb/test/include/str_utility_test.cpp:43, bmcweb/test/redfish-core/include/submit_test_event_test.cpp:23"
std::move,2043,"bmcweb/test/redfish-core/include/redfish_aggregator_test.cpp:368, bmcweb/test/redfish-core/include/utils/query_param_test.cpp:668, bmcweb/test/redfish-core/include/utils/query_param_test.cpp:763"
std::shared_ptr,1494,"bmcweb/test/redfish-core/include/redfish_oem_routing_test.cpp:33, bmcweb/test/redfish-core/include/redfish_oem_routing_test.cpp:42, bmcweb/test/redfish-core/include/redfish_oem_routing_test.cpp:59"
std::unique_ptr,1439,"bmcweb/include/hostname_monitor.hpp:34, bmcweb/features/openbmc_rest/image_upload.hpp:37, bmcweb/features/openbmc_rest/dbus_monitor.hpp:33"
std::string_view,1216,"openbmc/meta-nvidia/meta-gb200nvl-obmc/recipes-nvidia/platform-init/files/platform_init.cpp:183, openbmc/meta-nvidia/meta-gb200nvl-obmc/recipes-nvidia/platform-init/files/platform_init.cpp:197, bmcweb/test/include/multipart_test.cpp:28"
std::optional,1210,"bmcweb/test/redfish-core/include/filter_expr_parser_test.cpp:16, bmcweb/test/redfish-core/include/filter_expr_executor_test.cpp:19, bmcweb/test/redfish-core/include/filter_expr_executor_test.cpp:32"
std::array,1011,"bmcweb/test/include/http_utility_test.cpp:56, bmcweb/test/include/http_utility_test.cpp:61, bmcweb/test/include/http_utility_test.cpp:77"
std::make_unique,964,"bmcweb/include/hostname_monitor.hpp:169, bmcweb/include/pam_authenticate.hpp:99, bmcweb/features/openbmc_rest/image_upload.hpp:104"
std::chrono,709,"openbmc/meta-nvidia/meta-gb200nvl-obmc/recipes-nvidia/platform-init/files/platform_init.cpp:28, openbmc/meta-nvidia/meta-gb200nvl-obmc/recipes-nvidia/platform-init/files/platform_init.cpp:35, openbmc/meta-nvidia/meta-gb200nvl-obmc/recipes-nvidia/platform-init/files/platform_init.cpp:37"
std::get,664,"bmcweb/test/redfish-core/include/utils/json_utils_test.cpp:96, bmcweb/include/async_resolve.hpp:115, bmcweb/redfish-core/include/utils/sensor_utils.hpp:658"
std::map,655,"bmcweb/test/http/verb_test.cpp:17, bmcweb/test/http/verb_test.cpp:44, bmcweb/redfish-core/include/registries.hpp:59"
std::filesystem,553,"openbmc/meta-nvidia/meta-gb200nvl-obmc/recipes-nvidia/platform-init/files/platform_init.cpp:202, openbmc/meta-nvidia/meta-gb200nvl-obmc/recipes-nvidia/platform-init/files/platform_init.cpp:224, openbmc/meta-nvidia/meta-gb200nvl-obmc/recipes-nvidia/platform-init/files/platform_init.cpp:258"
std::exception,524,"openbmc/meta-nvidia/meta-gb200nvl-obmc/recipes-nvidia/platform-init/files/platform_init.cpp:240, bmcweb/src/boost_asio.cpp:12, bmcweb/src/boost_asio.cpp:18"
std::invalid_argument,511,"entity-manager/src/variant_visitors.hpp:32, entity-manager/src/variant_visitors.hpp:49, entity-manager/src/fru_device/fru_utils.cpp:913"
std::nullopt,444,"bmcweb/test/redfish-core/include/utils/time_utils_test.cpp:37, bmcweb/test/redfish-core/include/utils/time_utils_test.cpp:38, bmcweb/test/redfish-core/include/utils/time_utils_test.cpp:39"
std::tuple,369,"bmcweb/include/dbus_utility.hpp:35, bmcweb/include/dbus_utility.hpp:51, bmcweb/include/dbus_utility.hpp:51"
std::to_string,344,"bmcweb/redfish-core/include/redfish_aggregator.hpp:434, bmcweb/redfish-core/include/redfish_aggregator.hpp:505, bmcweb/redfish-core/include/redfish_aggregator.hpp:925"
std::bind_front,334,"bmcweb/test/include/credential_pipe_test.cpp:38, bmcweb/test/redfish-core/lib/chassis_test.cpp:61, bmcweb/test/http/http_connection_test.cpp:79"
std::cerr,325,"openbmc/meta-nvidia/meta-gb200nvl-obmc/recipes-nvidia/platform-init/files/platform_init.cpp:29, openbmc/meta-nvidia/meta-gb200nvl-obmc/recipes-nvidia/platform-init/files/platform_init.cpp:36, openbmc/meta-nvidia/meta-gb200nvl-obmc/recipes-nvidia/platform-init/files/platform_init.cpp:43"
std::format,300,"openbmc/meta-nvidia/meta-gb200nvl-obmc/recipes-nvidia/platform-init/files/platform_init.cpp:29, openbmc/meta-nvidia/meta-gb200nvl-obmc/recipes-nvidia/platform-init/files/platform_init.cpp:36, openbmc/meta-nvidia/meta-gb200nvl-obmc/recipes-nvidia/platform-init/files/platform_init.cpp:43"
std::pair,295,"bmcweb/test/http/http2_connection_test.cpp:67, bmcweb/test/http/http2_connection_test.cpp:170, bmcweb/include/dbus_utility.hpp:59"
std::size_t,284,"bmcweb/include/sessions.hpp:32, bmcweb/include/authentication.hpp:55, bmcweb/features/virtual_media/vm_websocket.hpp:120"
std::runtime_error,280,"bmcweb/redfish-core/include/sub_route_trie.hpp:143, bmcweb/redfish-core/include/sub_route_trie.hpp:199, bmcweb/redfish-core/include/redfish_oem_routing.hpp:165"
std::variant,275,"bmcweb/test/redfish-core/include/utils/json_utils_test.cpp:77, bmcweb/test/redfish-core/include/utils/json_utils_test.cpp:90, bmcweb/test/redfish-core/lib/ethernet_test.cpp:23"
std::make_shared,270,"bmcweb/test/redfish-core/include/redfish_oem_routing_test.cpp:59, bmcweb/test/redfish-core/include/redfish_oem_routing_test.cpp:63, bmcweb/test/redfish-core/include/redfish_oem_routing_test.cpp:147"
std::function,257,"bmcweb/test/http/http2_connection_test.cpp:129, bmcweb/test/http/http_connection_test.cpp:78, bmcweb/include/dbus_utility.hpp:101"
std::ref,214,"bmcweb/test/include/credential_pipe_test.cpp:38, bmcweb/test/http/utility_test.cpp:127, bmcweb/test/http/utility_test.cpp:131"
std::forward,202,"bmcweb/include/dbus_utility.hpp:111, bmcweb/include/dbus_utility.hpp:123, bmcweb/include/async_resolve.hpp:95"
std::get_if,183,"bmcweb/include/hostname_monitor.hpp:79, bmcweb/redfish-core/include/redfish_aggregator.hpp:482, bmcweb/redfish-core/include/redfish_aggregator.hpp:493"
std::ios,169,"bmcweb/redfish-core/include/utils/extern/date.h:1039, bmcweb/redfish-core/include/utils/extern/date.h:1080, bmcweb/redfish-core/include/utils/extern/date.h:1533"
std::numeric_limits,162,"bmcweb/test/redfish-core/include/utils/time_utils_test.cpp:97, bmcweb/test/redfish-core/include/utils/time_utils_test.cpp:99, bmcweb/test/redfish-core/include/utils/time_utils_test.cpp:115"
std::span,153,"bmcweb/test/redfish-core/include/utils/query_param_test.cpp:233, bmcweb/test/http/http_body_test.cpp:84, bmcweb/test/http/http_body_test.cpp:108"
std::ifstream,146,"bmcweb/include/persistent_data.hpp:63, bmcweb/features/ibm/ibm_management_console_rest.hpp:296, bmcweb/features/ibm/ibm_management_console_rest.hpp:322"
std::cout,142,"openbmc/meta-nvidia/meta-gb200nvl-obmc/recipes-nvidia/platform-init/files/platform_init.cpp:241, openbmc/poky/meta-selftest/recipes-test/cpp/files/cpp-example-lib.cpp:30, openbmc/poky/meta-selftest/recipes-test/cpp/files/cpp-example.cpp:14"
std::basic_ostream,137,"bmcweb/redfish-core/include/utils/extern/date.h:367, bmcweb/redfish-core/include/utils/extern/date.h:368, bmcweb/redfish-core/include/utils/extern/date.h:405"
std::endl,128,"openbmc/poky/meta-selftest/recipes-test/cpp/files/cpp-example-lib.cpp:30, openbmc/poky/meta-selftest/recipes-test/cpp/files/cpp-example.cpp:14, openbmc/poky/meta-selftest/recipes-test/cpp/files/cpp-example.cpp:15"
std::make_tuple,125,"entity-manager/test/test_topology.cpp:14, entity-manager/test/test_topology.cpp:16, entity-manager/test/test_topology.cpp:229"
std::to_array,124,"bmcweb/include/http_utility.hpp:129, bmcweb/redfish-core/lib/sensors.hpp:66, bmcweb/redfish-core/lib/sensors.hpp:73"
std::ofstream,122,"openbmc/meta-nvidia/meta-gb200nvl-obmc/recipes-nvidia/platform-init/files/platform_init.cpp:136, openbmc/meta-nvidia/meta-gb200nvl-obmc/recipes-nvidia/platform-init/files/platform_init.cpp:152, openbmc/meta-nvidia/meta-gb200nvl-obmc/recipes-nvidia/platform-init/files/platform_init.cpp:186"
std::unordered_map,118,"openbmc/meta-nvidia/meta-gb200nvl-obmc/recipes-nvidia/platform-init/files/platform_init.cpp:26, bmcweb/include/sessions.hpp:474, bmcweb/redfish-core/include/redfish_aggregator.hpp:425"
std::set,118,"bmcweb/test/include/human_sort_test.cpp:51, bmcweb/redfish-core/include/utils/sensor_utils.hpp:137, bmcweb/redfish-core/lib/sensors.hpp:268"
std::ranges,110,"bmcweb/include/http_utility.hpp:116, bmcweb/include/http_utility.hpp:190, bmcweb/include/http_utility.hpp:198"
std::bitset,108,"bmcweb/redfish-core/include/privileges.hpp:201, bmcweb/redfish-core/include/privileges.hpp:204, libpldm/tests/dsp/firmware_update.cpp:350"
std::placeholders,103,"pldm/requester/handler.hpp:509, pldm/host-bmc/host_pdr_handler.cpp:161, pldm/host-bmc/host_pdr_handler.cpp:668"
std::exception_ptr,103,"sdbusplus/test/bus/exception.cpp:13, sdbusplus/include/sdbusplus/bus.hpp:529, sdbusplus/include/sdbusplus/bus.hpp:545"
std::visit,97,"bmcweb/features/openbmc_rest/openbmc_dbus_rest.hpp:190, bmcweb/features/openbmc_rest/openbmc_dbus_rest.hpp:301, bmcweb/redfish-core/include/utils/json_utils.hpp:550"
std::bind,92,"pldm/requester/handler.hpp:178, pldm/requester/handler.hpp:214, pldm/requester/handler.hpp:513"
std::error_code,82,"openbmc/meta-nvidia/meta-gb200nvl-obmc/recipes-nvidia/platform-init/files/platform_init.cpp:201, openbmc/meta-nvidia/meta-gb200nvl-obmc/recipes-nvidia/platform-init/files/platform_init.cpp:257, bmcweb/test/include/multipart_test.cpp:23"
std::find,82,"bmcweb/redfish-core/include/utils/stl_utils.hpp:20, bmcweb/redfish-core/lib/account_service.hpp:261, bmcweb/redfish-core/lib/openbmc/openbmc_managers.hpp:153"
std::make_pair,77,"bmcweb/redfish-core/include/utils/sensor_utils.hpp:158, bmcweb/redfish-core/include/utils/sensor_utils.hpp:167, bmcweb/redfish-core/include/utils/extern/date.h:4899"
std::is_same_v,67,"bmcweb/features/openbmc_rest/openbmc_dbus_rest.hpp:304, bmcweb/redfish-core/include/redfishoemrule.hpp:58, bmcweb/redfish-core/include/utils/json_utils.hpp:202"
std::current_exception,65,"pldm/requester/test/handler_test.cpp:191, sdbusplus/include/sdbusplus/async/timer.hpp:59, sdbusplus/include/sdbusplus/async/callback.hpp:97"
std::out_of_range,64,"entity-manager/src/entity_manager/configuration.hpp:31, dbus-sensors/src/FileHandle.cpp:19, dbus-sensors/src/nvme/NVMeBasicContext.cpp:126"
std::nullptr_t,63,"bmcweb/test/redfish-core/include/utils/json_utils_test.cpp:77, bmcweb/test/redfish-core/include/utils/json_utils_test.cpp:82, bmcweb/test/redfish-core/include/utils/json_utils_test.cpp:90"
std::regex,61,"bmcweb/features/openbmc_rest/dbus_monitor.hpp:193, bmcweb/features/openbmc_rest/dbus_monitor.hpp:194, bmcweb/features/openbmc_rest/openbmc_dbus_rest.hpp:80"
std::false_type,58,"bmcweb/redfish-core/include/utils/json_utils.hpp:59, bmcweb/redfish-core/include/utils/json_utils.hpp:67, bmcweb/redfish-core/include/utils/json_utils.hpp:75"
std::isfinite,56,"bmcweb/redfish-core/include/utils/sensor_utils.hpp:673, bmcweb/redfish-core/lib/manager_diagnostic_data.hpp:73, bmcweb/redfish-core/lib/manager_diagnostic_data.hpp:112"
std::weak_ptr,55,"bmcweb/features/virtual_media/vm_websocket.hpp:244, bmcweb/features/virtual_media/vm_websocket.hpp:263, bmcweb/features/virtual_media/vm_websocket.hpp:311"
std::hex,55,"entity-manager/src/fru_device/fru_utils.cpp:140, entity-manager/src/fru_device/fru_utils.cpp:352, entity-manager/src/fru_device/fru_utils.cpp:504"
std::mem_fn,55,"pldm/host-bmc/host_pdr_handler.cpp:160, pldm/host-bmc/host_pdr_handler.cpp:667, pldm/host-bmc/host_pdr_handler.cpp:683"
std::basic_istream,53,"bmcweb/redfish-core/include/utils/extern/date.h:3913, bmcweb/redfish-core/include/utils/extern/date.h:3914, bmcweb/redfish-core/include/utils/extern/date.h:4149"
std::stringstream,53,"entity-manager/src/fru_device/fru_utils.cpp:139, entity-manager/src/fru_device/fru_utils.cpp:351, entity-manager/src/fru_device/fru_utils.cpp:503"
std::stoul,52,"dbus-sensors/src/adc/ADCSensorMain.cpp:123, dbus-sensors/src/fan/FanMain.cpp:319, phosphor-host-ipmid/storagehandler.cpp:81"
std::memcpy,51,"dbus-sensors/src/nvidia-gpu/tests/NvidiaGpuSensorTest.cpp:127, dbus-sensors/src/nvidia-gpu/tests/NvidiaGpuSensorTest.cpp:149, dbus-sensors/src/nvidia-gpu/tests/NvidiaGpuSensorTest.cpp:209"
std::basic_string,50,"bmcweb/redfish-core/include/utils/extern/date.h:3915, bmcweb/redfish-core/include/utils/extern/date.h:4152, bmcweb/redfish-core/include/utils/extern/date.h:4390"
std::find_if,50,"bmcweb/redfish-core/lib/sensors.hpp:2337, bmcweb/redfish-core/lib/task.hpp:163, bmcweb/redfish-core/lib/ethernet.hpp:1490"
std::exchange,50,"dbus-sensors/src/mctp/MCTPReactor.cpp:133, sdbusplus/include/sdbusplus/event.hpp:33, sdbusplus/include/sdbusplus/event.hpp:73"
std::decay_t,49,"bmcweb/features/openbmc_rest/openbmc_dbus_rest.hpp:305, bmcweb/redfish-core/include/utils/json_utils.hpp:553, bmcweb/redfish-core/include/utils/json_utils.hpp:578"
std::setw,49,"entity-manager/src/fru_device/fru_utils.cpp:144, entity-manager/src/fru_device/fru_utils.cpp:355, entity-manager/src/fru_device/fru_utils.cpp:506"
std::min,48,"bmcweb/test/http/utility_test.cpp:90, bmcweb/redfish-core/include/utils/journal_utils.hpp:44, bmcweb/redfish-core/include/utils/query_param.hpp:921"
std::enable_shared_from_this,44,"bmcweb/features/virtual_media/vm_websocket.hpp:54, bmcweb/features/virtual_media/vm_websocket.hpp:201, bmcweb/features/kvm/kvm_websocket.hpp:29"
std::throw_with_nested,39,"dbus-sensors/src/mctp/MCTPEndpoint.cpp:283, phosphor-power/phosphor-regulators/test/error_logging_utils_tests.cpp:62, phosphor-power/phosphor-regulators/test/error_logging_utils_tests.cpp:139"
std::errc,38,"bmcweb/include/async_resolve.hpp:83, bmcweb/include/async_resolve.hpp:86, bmcweb/redfish-core/include/registries.hpp:92"
std::source_location,37,"bmcweb/redfish-core/include/error_messages.hpp:779, bmcweb/redfish-core/include/error_messages.hpp:780, bmcweb/redfish-core/lib/manager_diagnostic_data.hpp:43"
std::pow,37,"bmcweb/redfish-core/include/utils/extern/date.h:6433, bmcweb/redfish-core/lib/power.hpp:202, dbus-sensors/src/psu/PSUSensorMain.cpp:898"
std::is_same,35,"bmcweb/redfish-core/include/utils/extern/date.h:4315, bmcweb/redfish-core/include/utils/extern/date.h:4401, bmcweb/redfish-core/include/utils/extern/date.h:4402"
std::from_chars,34,"bmcweb/include/human_sort.hpp:71, bmcweb/include/human_sort.hpp:76, bmcweb/include/async_resolve.hpp:82"
std::enable_if_t,34,"bmcweb/redfish-core/include/utils/extern/date.h:4401, bmcweb/redfish-core/include/utils/extern/date.h:4430, bmcweb/redfish-core/include/utils/extern/date.h:4443"
std::ostringstream,34,"bmcweb/redfish-core/lib/systems_logservices_postcodes.hpp:254, entity-manager/src/entity_manager/overlay.cpp:66, dbus-sensors/src/DeviceMgmt.cpp:56"
std::getline,34,"bmcweb/redfish-core/lib/log_services.hpp:1587, bmcweb/redfish-core/lib/log_services.hpp:1682, bmcweb/redfish-core/src/filesystem_log_watcher.cpp:44"
std::views,34,"bmcweb/redfish-core/lib/message_registries.hpp:47, entity-manager/src/gpio-presence/config_provider.cpp:107, entity-manager/src/gpio-presence/gpio_presence_manager.cpp:176"
std::stoi,33,"openbmc/meta-nvidia/meta-gb200nvl-obmc/recipes-nvidia/platform-init/files/platform_init.cpp:239, entity-manager/src/fru_device/fru_utils.cpp:1004, entity-manager/src/fru_device/fru_utils.cpp:1112"
std::intmax_t,32,"bmcweb/redfish-core/include/utils/extern/date.h:1159, bmcweb/redfish-core/include/utils/extern/date.h:1159, bmcweb/redfish-core/include/utils/extern/date.h:1162"
std::unique_lock,32,"sdbusplus/include/sdbusplus/event.hpp:138, sdbusplus/include/sdbusplus/async/match.hpp:71, sdbusplus/include/sdbusplus/async/stdexec/async_scope.hpp:64"
std::time_t,31,"bmcweb/test/redfish-core/include/utils/time_utils_test.cpp:90, bmcweb/test/redfish-core/include/utils/time_utils_test.cpp:94, bmcweb/test/redfish-core/include/utils/time_utils_test.cpp:97"
std::equal,31,"entity-manager/test/test_fru-utils.cpp:188, entity-manager/test/test_fru-utils.cpp:292, entity-manager/src/fru_device/fru_utils.cpp:761"
std::system_error,30,"openbmc/meta-nvidia/meta-gb200nvl-obmc/recipes-nvidia/platform-init/files/platform_init.cpp:56, openbmc/meta-nvidia/meta-gb200nvl-obmc/recipes-nvidia/platform-init/files/platform_init.cpp:79, openbmc/meta-nvidia/meta-gb200nvl-obmc/recipes-nvidia/platform-init/files/platform_init.cpp:143"
std::setfill,30,"entity-manager/src/fru_device/fru_utils.cpp:140, entity-manager/src/fru_device/fru_utils.cpp:352, entity-manager/src/fru_device/fru_utils.cpp:504"
std::this_thread,29,"openbmc/meta-nvidia/meta-gb200nvl-obmc/recipes-nvidia/platform-init/files/platform_init.cpp:31, entity-manager/src/fru_device/fru_device.cpp:1040, phosphor-logging/test/elog_update_ts_test.cpp:81"
std::begin,29,"bmcweb/include/hostname_monitor.hpp:109, bmcweb/redfish-core/include/utils/extern/date.h:5102, bmcweb/redfish-core/include/utils/extern/date.h:5127"
std::ratio,28,"bmcweb/redfish-core/include/utils/extern/date.h:192, bmcweb/redfish-core/include/utils/extern/date.h:195, bmcweb/redfish-core/include/utils/extern/date.h:198"
std::logic_error,28,"dbus-sensors/src/mctp/MCTPReactorMain.cpp:61, dbus-sensors/src/mctp/MCTPReactorMain.cpp:115, dbus-sensors/src/mctp/MCTPReactorMain.cpp:141"
std::allocator_traits,28,"sdbusplus/include/sdbusplus/async/stdexec/any_sender_of.hpp:397, sdbusplus/include/sdbusplus/async/stdexec/any_sender_of.hpp:400, sdbusplus/include/sdbusplus/async/stdexec/any_sender_of.hpp:408"
std::uint8_t,27,"bmcweb/redfish-core/lib/memory.hpp:431, bmcweb/redfish-core/lib/memory.hpp:432, bmcweb/redfish-core/lib/memory.hpp:433"
std::copy,26,"entity-manager/src/fru_device/fru_device.cpp:1303, entity-manager/src/fru_device/fru_device.cpp:1312, entity-manager/src/fru_device/fru_device.cpp:1327"
std::end,25,"bmcweb/redfish-core/include/utils/extern/date.h:5102, bmcweb/redfish-core/include/utils/extern/date.h:5127, bmcweb/redfish-core/include/utils/extern/date.h:5247"
std::tuple_cat,25,"phosphor-host-ipmid/include/ipmid/handler.hpp:233, phosphor-host-ipmid/include/ipmid/handler.hpp:242, phosphor-host-ipmid/include/ipmid/handler.hpp:249"
std::copy_n,24,"bmcweb/redfish-core/include/redfish_oem_routing.hpp:36, entity-manager/src/fru_device/fru_utils.cpp:661, entity-manager/src/fru_device/fru_utils.cpp:1072"
std::terminate,24,"bmcweb/redfish-core/include/utils/extern/date.h:4963, bmcweb/src/boost_asio.cpp:15, bmcweb/src/boost_asio.cpp:22"
std::for_each,24,"entity-manager/src/entity_manager/entity_manager.cpp:560, pldm/libpldmresponder/pdr_utils.cpp:188, pldm/pldmtool/pldm_platform_cmd.cpp:861"
std::hash,23,"bmcweb/include/sessions.hpp:475, bmcweb/http/http_response.hpp:242, bmcweb/http/http_response.hpp:294"
std::enable_if,22,"bmcweb/redfish-core/include/utils/extern/date.h:1123, bmcweb/redfish-core/include/utils/extern/date.h:1136, bmcweb/redfish-core/include/utils/extern/date.h:1217"
std::declval,22,"bmcweb/redfish-core/include/utils/extern/date.h:6265, bmcweb/redfish-core/include/utils/extern/date.h:6278, bmcweb/redfish-core/include/utils/extern/date.h:6291"
std::smatch,22,"entity-manager/src/utils.cpp:45, entity-manager/src/utils.cpp:63, entity-manager/src/utils.cpp:107"
std::in_place_type,22,"pldm/platform-mc/test/dbus_to_terminus_effecter_test.cpp:116, pldm/platform-mc/test/dbus_to_terminus_effecter_test.cpp:118, pldm/libpldmresponder/test/libpldmresponder_platform_test.cpp:604"
std::apply,22,"phosphor-host-ipmid/include/ipmid/handler.hpp:266, phosphor-host-ipmid/include/ipmid/message.hpp:470, phosphor-host-ipmid/include/ipmid/message.hpp:645"
std::rethrow_if_nested,22,"phosphor-power/phosphor-regulators/test/actions/compare_vpd_action_tests.cpp:168, phosphor-power/phosphor-regulators/test/actions/i2c_compare_byte_action_tests.cpp:238, phosphor-power/phosphor-regulators/test/actions/i2c_write_bit_action_tests.cpp:215"
std::true_type,21,"bmcweb/redfish-core/include/utils/json_utils.hpp:63, bmcweb/redfish-core/include/utils/json_utils.hpp:71, bmcweb/redfish-core/include/utils/json_utils.hpp:79"
std::uint64_t,21,"bmcweb/redfish-core/include/utils/extern/date.h:3934, bmcweb/redfish-core/include/utils/extern/date.h:3934, bmcweb/redfish-core/include/utils/extern/date.h:3942"
std::regex_search,21,"entity-manager/src/utils.cpp:49, entity-manager/src/utils.cpp:80, entity-manager/src/utils.cpp:112"
std::make_optional,20,"bmcweb/test/redfish-core/lib/power_subsystem_test.cpp:43, bmcweb/test/redfish-core/lib/thermal_subsystem_test.cpp:42, bmcweb/redfish-core/include/utils/telemetry_utils.hpp:87"
std::unordered_set,20,"phosphor-host-ipmid/transporthandler.hpp:143, phosphor-host-ipmid/transporthandler.hpp:147, phosphor-host-ipmid/transporthandler.hpp:253"
std::back_inserter,19,"bmcweb/redfish-core/include/utils/sensor_utils.hpp:537, bmcweb/redfish-core/lib/log_services.hpp:133, entity-manager/src/fru_device/fru_utils.cpp:662"
std::forward_as_tuple,19,"pldm/platform-mc/sensor_manager.cpp:125, pldm/platform-mc/sensor_manager.cpp:126, phosphor-host-ipmid/include/ipmid/handler.hpp:234"
std::initializer_list,18,"bmcweb/redfish-core/include/privileges.hpp:83, bmcweb/http/utility.hpp:383, bmcweb/http/routing/ruleparametertraits.hpp:86"
std::tie,18,"bmcweb/redfish-core/src/utils/time_utils.cpp:277, pldm/requester/test/handler_test.cpp:186, pldm/requester/test/handler_test.cpp:259"
std::ios_base,18,"entity-manager/src/fru_device/fru_device.cpp:895, entity-manager/src/fru_device/fru_device.cpp:898, entity-manager/src/fru_device/fru_device.cpp:927"
std::distance,17,"bmcweb/test/include/multipart_test.cpp:373, bmcweb/include/human_sort.hpp:72, bmcweb/include/human_sort.hpp:77"
std::string_literals,17,"bmcweb/test/http/utility_test.cpp:51, bmcweb/test/http/utility_test.cpp:81, bmcweb/test/http/utility_test.cpp:102"
std::advance,17,"bmcweb/include/human_sort.hpp:64, bmcweb/include/human_sort.hpp:65, bmcweb/include/human_sort.hpp:72"
std::list,17,"bmcweb/redfish-core/include/filter_expr_parser_ast.hpp:66, bmcweb/redfish-core/include/filter_expr_parser_ast.hpp:71, entity-manager/src/entity_manager/perform_scan.cpp:196"
std::allocator,17,"bmcweb/redfish-core/include/utils/extern/date.h:6577, bmcweb/redfish-core/include/utils/extern/date.h:7915, bmcweb/redfish-core/include/utils/extern/date.h:7931"
std::rethrow_exception,17,"pldm/requester/test/handler_test.cpp:191, sdbusplus/include/sdbusplus/bus.hpp:229, sdbusplus/include/sdbusplus/bus.hpp:247"
std::fprintf,17,"phosphor-host-ipmid/ipmi_fru_info_area.cpp:252, phosphor-host-ipmid/sensorhandler.cpp:242, phosphor-host-ipmid/sensorhandler.cpp:278"
std::bit_cast,16,"bmcweb/test/http/http2_connection_test.cpp:75, bmcweb/test/http/http2_connection_test.cpp:83, bmcweb/test/http/http2_connection_test.cpp:85"
std::istreambuf_iterator,16,"bmcweb/features/ibm/ibm_management_console_rest.hpp:310, bmcweb/features/ibm/ibm_management_console_rest.hpp:311, phosphor-logging/test/openpower-pels/pel_utils.cpp:393"
std::strcmp,16,"bmcweb/redfish-core/src/registries.cpp:60, entity-manager/src/entity_manager/devices.hpp:28, entity-manager/src/entity_manager/perform_probe.hpp:17"
std::holds_alternative,15,"bmcweb/test/redfish-core/include/utils/json_utils_test.cpp:82, bmcweb/test/redfish-core/include/utils/json_utils_test.cpp:95, bmcweb/redfish-core/lib/network_protocol.hpp:309"
std::monostate,15,"bmcweb/redfish-core/src/filter_expr_executor.cpp:105, bmcweb/redfish-core/src/filter_expr_executor.cpp:284, bmcweb/redfish-core/src/filter_expr_executor.cpp:286"
std::system_category,15,"dbus-sensors/src/NotifyWatch.cpp:42, dbus-sensors/src/NotifyWatch.cpp:50, dbus-sensors/src/NotifyWatch.cpp:57"
std::tuple_element_t,15,"phosphor-host-ipmid/include/ipmid/handler.hpp:230, phosphor-host-ipmid/include/ipmid/handler.hpp:238, phosphor-host-ipmid/include/ipmid/handler.hpp:246"
std::regex_constants,15,"phosphor-logging/extensions/openpower-pels/tools/peltool.cpp:354, phosphor-logging/extensions/openpower-pels/tools/peltool.cpp:747, phosphor-logging/extensions/openpower-pels/tools/peltool.cpp:788"
std::literals,14,"bmcweb/test/http/http2_connection_test.cpp:100, bmcweb/redfish-core/src/utils/time_utils.cpp:330, dbus-sensors/src/nvidia-gpu/MctpRequester.cpp:28"
std::tm,14,"bmcweb/redfish-core/include/utils/extern/date.h:5155, bmcweb/redfish-core/include/utils/extern/date.h:5945, bmcweb/redfish-core/include/utils/extern/date.h:6600"
std::snprintf,14,"bmcweb/src/json_html_serializer.cpp:180, bmcweb/src/json_html_serializer.cpp:188, phosphor-host-ipmid/ipmisensor.cpp:125"
std::transform,14,"bmcweb/src/webserver_cli.cpp:28, bmcweb/src/webserver_cli.cpp:43, bmcweb/src/webserver_cli.cpp:74"
std::regex_replace,14,"bmcweb/src/dbus_utility.cpp:34, entity-manager/src/fru_device/fru_utils.cpp:1163, entity-manager/src/fru_device/fru_device.cpp:838"
std::uppercase,14,"phosphor-host-ipmid/selutility.hpp:183, phosphor-power/phosphor-regulators/src/error_logging.cpp:68, phosphor-power/phosphor-regulators/src/actions/pmbus_read_sensor_action.cpp:82"
std::remove_reference_t,14,"phosphor-host-ipmid/include/ipmid/utility.hpp:172, phosphor-host-ipmid/include/ipmid/utility.hpp:179, phosphor-host-ipmid/include/ipmid/utility.hpp:198"
std::regex_match,13,"bmcweb/features/openbmc_rest/dbus_monitor.hpp:207, bmcweb/features/openbmc_rest/dbus_monitor.hpp:238, bmcweb/features/openbmc_rest/openbmc_dbus_rest.hpp:82"
std::isnan,13,"bmcweb/redfish-core/include/utils/json_utils.hpp:103, bmcweb/redfish-core/lib/cable.hpp:82, dbus-sensors/src/sensor.hpp:288"
std::conditional_t,13,"bmcweb/http/http_client.hpp:159, phosphor-host-ipmid/include/ipmid/utility.hpp:147, phosphor-host-ipmid/include/ipmid/utility.hpp:149"
std::mutex,13,"phosphor-logging/lib/lg2_logger.cpp:201, sdbusplus/include/sdbusplus/event.hpp:143, sdbusplus/include/sdbusplus/async/context.hpp:118"
std::replace,12,"bmcweb/redfish-core/include/utils/sensor_utils.hpp:448, bmcweb/redfish-core/include/utils/sensor_utils.hpp:457, bmcweb/redfish-core/lib/sensors.hpp:668"
std::fill_n,12,"libpldm/tests/dsp/firmware_update.cpp:1074, libpldm/tests/dsp/firmware_update.cpp:1546, libpldm/tests/dsp/firmware_update.cpp:1551"
std::is_base_of_v,12,"phosphor-logging/lib/include/phosphor-logging/elog.hpp:132, phosphor-logging/lib/include/phosphor-logging/elog.hpp:135, phosphor-logging/lib/include/phosphor-logging/elog.hpp:152"
std::memory_order_relaxed,12,"sdbusplus/include/sdbusplus/async/stdexec/stop_token.hpp:274, sdbusplus/include/sdbusplus/async/stdexec/stop_token.hpp:318, sdbusplus/include/sdbusplus/async/stdexec/stop_token.hpp:324"
std::micro,11,"bmcweb/include/watchdog.hpp:40, bmcweb/include/watchdog.hpp:73, bmcweb/redfish-core/include/utils/time_utils.hpp:65"
std::max,11,"bmcweb/redfish-core/include/utils/error_code.hpp:70, bmcweb/redfish-core/include/utils/error_code.hpp:76, bmcweb/redfish-core/include/utils/extern/date.h:6370"
std::round,11,"bmcweb/redfish-core/lib/manager_diagnostic_data.hpp:120, dbus-sensors/src/PwmSensor.cpp:87, dbus-sensors/src/PwmSensor.cpp:88"
std::format_string,11,"bmcweb/http/logging.hpp:119, bmcweb/http/logging.hpp:162, bmcweb/http/logging.hpp:175"
std::dec,11,"pldm/oem/ampere/event/oem_event_manager.cpp:376, pldm/oem/ampere/event/oem_event_manager.cpp:450, pldm/oem/ampere/event/oem_event_manager.cpp:527"
std::remove_cv_t,11,"phosphor-host-ipmid/include/ipmid/utility.hpp:172, phosphor-host-ipmid/include/ipmid/utility.hpp:179, phosphor-host-ipmid/include/ipmid/utility.hpp:198"
std::strlen,10,"openbmc/meta-nvidia/meta-gb200nvl-obmc/recipes-nvidia/platform-init/files/platform_init.cpp:227, libpldm/tests/utils.cpp:29, libpldm/tests/utils.cpp:35"
std::sort,10,"bmcweb/include/webassets.hpp:243, bmcweb/redfish-core/lib/systems_logservices_hostlogger.hpp:65, phosphor-host-ipmid/ipmid-new.cpp:414"
std::common_type,10,"bmcweb/redfish-core/include/utils/extern/date.h:1239, bmcweb/redfish-core/include/utils/extern/date.h:1284, bmcweb/redfish-core/include/utils/extern/date.h:3966"
std::abs,10,"bmcweb/redfish-core/include/utils/extern/date.h:5375, bmcweb/redfish-core/include/utils/extern/date.h:5975, bmcweb/redfish-core/include/utils/extern/date.h:7541"
std::tuple_size_v,10,"bmcweb/http/routing.hpp:224, sdbusplus/include/sdbusplus/asio/connection.hpp:116, sdbusplus/include/sdbusplus/message/read.hpp:464"
std::fstream,10,"dbus-sensors/src/intel-cpu/IntelCPUSensorMain.cpp:510, dbus-sensors/src/fan/FanMain.cpp:125, dbus-sensors/src/fan/FanMain.cpp:217"
std::memcmp,10,"libpldm/tests/dsp/bios_table.cpp:470, libpldm/tests/dsp/bios_table.cpp:475, libpldm/tests/dsp/bios_table.cpp:480"
std::remove,10,"pldm/requester/mctp_endpoint_discovery.cpp:275, pldm/oem/ibm/libpldmresponder/file_io_type_dump.cpp:189, pldm/oem/ibm/libpldmresponder/file_io_type_dump.cpp:207"
std::is_enum_v,10,"phosphor-host-ipmid/include/ipmid/message/types.hpp:105, phosphor-logging/lib/include/phosphor-logging/lg2/conversion.hpp:69, sdbusplus/include/sdbusplus/message/read.hpp:57"
std::same_as,10,"phosphor-logging/lib/include/phosphor-logging/lg2/concepts.hpp:16, phosphor-logging/lib/include/phosphor-logging/lg2/conversion.hpp:32, phosphor-logging/lib/include/phosphor-logging/lg2/conversion.hpp:33"
std::locale,9,"bmcweb/include/str_utility.hpp:32, bmcweb/redfish-core/include/utils/extern/date.h:1043, bmcweb/redfish-core/include/utils/extern/date.h:1815"
std::reference_wrapper,9,"bmcweb/redfish-core/include/registries.hpp:57, bmcweb/http/utility.hpp:339, bmcweb/http/utility.hpp:341"
std::conditional,9,"bmcweb/redfish-core/include/utils/extern/date.h:1103, bmcweb/redfish-core/include/utils/extern/date.h:1107, bmcweb/redfish-core/include/utils/extern/date.h:4258"
std::fill,9,"entity-manager/src/fru_device/fru_utils.cpp:637, entity-manager/src/fru_device/fru_device.cpp:1350, pldm/platform-mc/terminus.cpp:320"
std::exit,9,"entity-manager/src/fru_device/fru_device.cpp:641, entity-manager/src/fru_device/fru_device.cpp:650, entity-manager/src/fru_device/fru_device.cpp:662"
std::bad_variant_access,9,"dbus-sensors/src/Utils.cpp:144, dbus-sensors/src/psu/PSUSensorMain.cpp:1268, dbus-sensors/src/intrusion/IntrusionSensorMain.cpp:142"
std::swap,9,"libpldm/tests/dsp/bios_table.cpp:302, libpldm/tests/dsp/bios_table.cpp:312, sdbusplus/example/calculator-aserver.cpp:53"
std::derived_from,8,"bmcweb/include/boost_formatters.hpp:14, bmcweb/include/boost_formatters.hpp:28, bmcweb/include/boost_formatters.hpp:42"
std::less,8,"bmcweb/include/human_sort.hpp:102, bmcweb/features/openbmc_rest/dbus_monitor.hpp:34, bmcweb/features/openbmc_rest/openbmc_dbus_rest.hpp:398"
std::move_only_function,8,"bmcweb/include/dbus_privileges.hpp:138, bmcweb/include/dbus_privileges.hpp:162, bmcweb/include/dbus_privileges.hpp:183"
std::from_chars_result,8,"bmcweb/redfish-core/include/utils/journal_utils.hpp:58, bmcweb/redfish-core/include/utils/query_param.hpp:311, bmcweb/redfish-core/lib/pcie.hpp:834"
std::milli,8,"bmcweb/redfish-core/include/utils/extern/date.h:4597, bmcweb/redfish-core/lib/manager_diagnostic_data.hpp:216, bmcweb/redfish-core/lib/systems.hpp:2564"
std::deque,8,"bmcweb/redfish-core/lib/task.hpp:57, bmcweb/redfish-core/lib/task.hpp:157, pldm/requester/handler.hpp:100"
std::istringstream,8,"bmcweb/redfish-core/lib/log_services.hpp:152, bmcweb/redfish-core/src/event_log.cpp:38, bmcweb/redfish-core/src/utils/time_utils.cpp:492"
std::atomic,8,"sdbusplus/include/sdbusplus/async/stdexec/stop_token.hpp:62, sdbusplus/include/sdbusplus/async/stdexec/stop_token.hpp:156, sdbusplus/include/sdbusplus/async/stdexec/__detail/__intrusive_ptr.hpp:98"
std::lock_guard,8,"sdbusplus/include/sdbusplus/async/stdexec/__detail/__shared.hpp:393, sdbusplus/src/async/context.cpp:111, sdbusplus/src/async/context.cpp:161"
std::formatter,7,"bmcweb/include/json_formatters.hpp:14, bmcweb/include/json_formatters.hpp:27, bmcweb/include/boost_formatters.hpp:15"
std::format_parse_context,7,"bmcweb/include/json_formatters.hpp:16, bmcweb/include/json_formatters.hpp:29, bmcweb/include/boost_formatters.hpp:17"
std::format_to,7,"bmcweb/include/json_formatters.hpp:22, bmcweb/include/json_formatters.hpp:35, bmcweb/include/boost_formatters.hpp:24"
std::thread,7,"phosphor-logging/test/log_manager_dbus_tests.cpp:59, phosphor-logging/test/log_manager_dbus_tests.cpp:84, sdbusplus/include/sdbusplus/async/context.hpp:106"
std::integer_sequence,7,"phosphor-logging/lib/include/phosphor-logging/log.hpp:67, phosphor-logging/lib/include/phosphor-logging/log.hpp:69, phosphor-logging/lib/include/phosphor-logging/log.hpp:72"
std::integral_constant,7,"phosphor-logging/lib/include/phosphor-logging/log.hpp:97, phosphor-logging/lib/include/phosphor-logging/log.hpp:107, phosphor-logging/lib/include/phosphor-logging/lg2/flags.hpp:22"
std::ptrdiff_t,7,"sdbusplus/include/sdbusplus/async/stdexec/async_scope.hpp:59, sdbusplus/include/sdbusplus/async/stdexec/__detail/__basic_sender.hpp:106, sdbusplus/include/sdbusplus/async/stdexec/__detail/__basic_sender.hpp:186"
std::memory_order_release,7,"sdbusplus/include/sdbusplus/async/stdexec/stop_token.hpp:294, sdbusplus/include/sdbusplus/async/stdexec/stop_token.hpp:305, sdbusplus/include/sdbusplus/async/stdexec/stop_token.hpp:311"
std::chrono_literals,6,"openbmc/meta-nvidia/meta-gb200nvl-obmc/recipes-nvidia/platform-init/files/platform_init.cpp:21, phosphor-logging/test/elog_update_ts_test.cpp:21, phosphor-power/phosphor-power-supply/power_supply.cpp:816"
std::make_error_code,6,"bmcweb/include/async_resolve.hpp:86, bmcweb/http/http_request.hpp:47, dbus-sensors/src/tests/test_MCTPReactor.cpp:99"
std::binary_search,6,"bmcweb/redfish-core/include/redfish_aggregator.hpp:196, bmcweb/redfish-core/include/redfish_aggregator.hpp:256, bmcweb/redfish-core/include/redfish_aggregator.hpp:759"
std::char_traits,6,"bmcweb/redfish-core/include/utils/extern/date.h:1033, bmcweb/redfish-core/include/utils/extern/date.h:1073, bmcweb/redfish-core/include/utils/extern/date.h:4738"
std::stod,6,"dbus-sensors/src/Utils.cpp:720, dbus-sensors/src/intel-cpu/IntelCPUSensor.cpp:276, dbus-sensors/src/adc/ADCSensor.cpp:220"
std::strerror,6,"dbus-sensors/src/intel-cpu/IntelCPUSensorMain.cpp:558, pldm/platform-mc/event_manager.cpp:416, pldm/fw-update/watch.cpp:39"
std::queue,6,"pldm/platform-mc/terminus_manager.hpp:277, pldm/platform-mc/test/mock_terminus_manager.hpp:69, pldm/platform-mc/test/mock_terminus_manager.hpp:70"
std::decay,6,"phosphor-host-ipmid/include/ipmid/utility.hpp:138, phosphor-logging/lib/include/phosphor-logging/log.hpp:99, phosphor-logging/lib/include/phosphor-logging/log.hpp:101"
std::make_index_sequence,6,"phosphor-logging/lib/include/phosphor-logging/log.hpp:90, sdbusplus/include/sdbusplus/message/types.hpp:324, sdbusplus/include/sdbusplus/message/append.hpp:325"
std::is_pointer_v,6,"phosphor-logging/lib/include/phosphor-logging/lg2/conversion.hpp:42, sdbusplus/include/sdbusplus/unpack_properties.hpp:45, sdbusplus/include/sdbusplus/unpack_properties.hpp:62"
std::memory_order_acquire,6,"sdbusplus/include/sdbusplus/async/stdexec/stop_token.hpp:132, sdbusplus/include/sdbusplus/async/stdexec/stop_token.hpp:327, sdbusplus/include/sdbusplus/async/stdexec/stop_token.hpp:429"
std::memory_order_acq_rel,6,"sdbusplus/include/sdbusplus/async/stdexec/stop_token.hpp:366, sdbusplus/include/sdbusplus/async/stdexec/__detail/__intrusive_ptr.hpp:130, sdbusplus/include/sdbusplus/async/stdexec/__detail/__intrusive_ptr.hpp:151"
std::stol,5,"bmcweb/test/redfish-core/include/event_log_test.cpp:69, bmcweb/test/redfish-core/include/event_log_test.cpp:74, phosphor-logging/log_manager.cpp:666"
std::erase_if,5,"bmcweb/include/sessions.hpp:382, bmcweb/include/sessions.hpp:394, bmcweb/redfish-core/include/utils/json_utils.hpp:654"
std::data,5,"bmcweb/redfish-core/include/redfish_oem_routing.hpp:41, phosphor-logging/extensions/openpower-pels/pel.cpp:406, phosphor-logging/extensions/openpower-pels/tools/peltool.cpp:362"
std::get_time,5,"bmcweb/redfish-core/lib/log_services.hpp:153, bmcweb/redfish-core/src/event_log.cpp:39, phosphor-host-ipmid/ipmi_fru_info_area.cpp:212"
std::prev,5,"bmcweb/src/json_html_serializer.cpp:379, bmcweb/src/json_html_serializer.cpp:381, bmcweb/src/json_html_serializer.cpp:388"
std::istream,5,"dbus-sensors/src/nvme/NVMeBasicContext.cpp:321, dbus-sensors/src/nvme/NVMeBasicContext.cpp:364, dbus-sensors/src/adc/ADCSensor.cpp:210"
std::tuple_size,5,"dbus-sensors/src/fan/FanMain.cpp:69, phosphor-host-ipmid/include/ipmid/handler.hpp:227, phosphor-logging/lib/include/phosphor-logging/log.hpp:89"
std::forward_list,5,"phosphor-host-ipmid/ipmid-new.cpp:133, phosphor-host-ipmid/ipmid-new.cpp:654, phosphor-host-ipmid/ipmid-new.cpp:679"
std::strncpy,5,"phosphor-host-ipmid/dbus-sdr/sensorcommands.cpp:2035, phosphor-host-ipmid/user_channel/user_mgmt.cpp:227, phosphor-host-ipmid/user_channel/user_mgmt.cpp:613"
std::uint32_t,5,"phosphor-host-ipmid/include/ipmid/iana.hpp:7, phosphor-logging/elog_serialize.cpp:34, phosphor-logging/elog_serialize.cpp:50"
std::timespec,5,"phosphor-host-ipmid/user_channel/user_mgmt.cpp:1458, phosphor-host-ipmid/user_channel/user_mgmt.cpp:1512, phosphor-host-ipmid/user_channel/user_mgmt.cpp:1518"
std::count_if,5,"phosphor-logging/test/openpower-pels/pel_test.cpp:253, phosphor-power/phosphor-power-supply/psu_manager.cpp:900, phosphor-power/phosphor-power-supply/psu_manager.cpp:1028"
std::remove_reference,5,"phosphor-logging/lib/include/phosphor-logging/log.hpp:109, phosphor-logging/lib/include/phosphor-logging/log.hpp:110, phosphor-logging/lib/include/phosphor-logging/log.hpp:112"
std::remove_cvref_t,5,"phosphor-logging/lib/include/phosphor-logging/lg2/concepts.hpp:15, sdbusplus/example/coroutine-example.cpp:41, sdbusplus/example/coroutine-example.cpp:47"
std::make_exception_ptr,5,"sdbusplus/test/bus/exception.cpp:14, sdbusplus/include/sdbusplus/async/stdexec/__detail/__as_awaitable.hpp:79, sdbusplus/include/sdbusplus/async/stdexec/__detail/__as_awaitable.hpp:82"
std::byte,5,"sdbusplus/include/sdbusplus/async/stdexec/any_sender_of.hpp:452, sdbusplus/include/sdbusplus/async/stdexec/any_sender_of.hpp:696, sdbusplus/include/sdbusplus/async/stdexec/any_sender_of.hpp:714"
std::launder,5,"sdbusplus/include/sdbusplus/async/stdexec/__detail/__variant.hpp:141, sdbusplus/include/sdbusplus/async/stdexec/__detail/__variant.hpp:154, sdbusplus/include/sdbusplus/async/stdexec/__detail/__variant.hpp:169"
std::strong_ordering,5,"sdbusplus/include/sdbusplus/async/stdexec/__detail/__meta.hpp:261, sdbusplus/include/sdbusplus/async/stdexec/__detail/__meta.hpp:266, sdbusplus/include/sdbusplus/async/stdexec/__detail/__meta.hpp:279"
std::fputs,5,"phosphor-state-manager/test/systemd_parser.cpp:44, phosphor-state-manager/test/systemd_parser.cpp:48, phosphor-state-manager/test/systemd_parser.cpp:88"
std::uintmax_t,4,"bmcweb/features/ibm/ibm_management_console_rest.hpp:91, bmcweb/features/ibm/ibm_management_console_rest.hpp:106, bmcweb/features/ibm/ibm_management_console_rest.hpp:157"
std::make_move_iterator,4,"bmcweb/redfish-core/include/gzfile.hpp:187, bmcweb/redfish-core/include/gzfile.hpp:188, dbus-sensors/src/Utils.cpp:141"
std::basic_ios,4,"bmcweb/redfish-core/include/utils/extern/date.h:1037, bmcweb/redfish-core/include/utils/extern/date.h:1059, bmcweb/redfish-core/include/utils/extern/date.h:1093"
std::use_facet,4,"bmcweb/redfish-core/include/utils/extern/date.h:4037, bmcweb/redfish-core/include/utils/extern/date.h:5083, bmcweb/redfish-core/include/utils/extern/date.h:6397"
std::basic_ostringstream,4,"bmcweb/redfish-core/include/utils/extern/date.h:6268, bmcweb/redfish-core/include/utils/extern/date.h:6281, bmcweb/redfish-core/include/utils/extern/date.h:6294"
std::mktime,4,"bmcweb/redfish-core/lib/log_services.hpp:155, bmcweb/redfish-core/src/event_log.cpp:41, phosphor-host-ipmid/dbus-sdr/storagecommands.cpp:1024"
std::time,4,"bmcweb/redfish-core/src/utils/time_utils.cpp:428, phosphor-logging/test/elog_update_ts_test.cpp:51, phosphor-logging/test/elog_update_ts_test.cpp:122"
std::is_pointer,4,"bmcweb/http/logging.hpp:113, phosphor-logging/lib/include/phosphor-logging/log.hpp:99, phosphor-logging/lib/include/phosphor-logging/log.hpp:113"
std::is_arithmetic_v,4,"entity-manager/src/variant_visitors.hpp:28, entity-manager/src/variant_visitors.hpp:45, dbus-sensors/src/VariantVisitors.hpp:34"
std::jthread,4,"dbus-sensors/src/nvme/NVMeBasicContext.cpp:249, dbus-sensors/src/nvme/NVMeBasicContext.hpp:37, sdbusplus/test/event/event.cpp:31"
std::printf,4,"pldm/platform-mc/test/numeric_sensor_test.cpp:87, phosphor-host-ipmid/chassishandler.cpp:309, phosphor-host-ipmid/chassishandler.cpp:313"
std::clamp,4,"phosphor-host-ipmid/sensorhandler.cpp:780, phosphor-host-ipmid/sensorhandler.cpp:789, phosphor-host-ipmid/sensordatahandler.hpp:264"
std::remove_extent_t,4,"phosphor-host-ipmid/include/ipmid/utility.hpp:149, phosphor-host-ipmid/include/ipmid/utility.hpp:150, sdbusplus/include/sdbusplus/utility/type_traits.hpp:29"
std::rename,4,"phosphor-host-ipmid/user_channel/user_mgmt.cpp:1374, phosphor-host-ipmid/user_channel/passwd_mgr.cpp:583, phosphor-host-ipmid/user_channel/channel_mgmt.cpp:858"
std::srand,4,"phosphor-logging/test/elog_update_ts_test.cpp:51, phosphor-logging/test/elog_update_ts_test.cpp:122, sdbusplus/test/gen/test_aserver_multiple_interfaces.cpp:88"
std::rand,4,"phosphor-logging/test/elog_update_ts_test.cpp:52, phosphor-logging/test/elog_update_ts_test.cpp:57, phosphor-logging/test/elog_update_ts_test.cpp:123"
std::in_place,4,"sdbusplus/test/async/context.cpp:28, sdbusplus/test/async/fdio.cpp:74, sdbusplus/include/sdbusplus/async/stdexec/async_scope.hpp:460"
std::recursive_mutex,4,"sdbusplus/include/sdbusplus/event.hpp:134, sdbusplus/include/sdbusplus/event.hpp:138, sdbusplus/src/event.cpp:177"
std::is_void_v,4,"sdbusplus/include/sdbusplus/message.hpp:174, sdbusplus/include/sdbusplus/async/stdexec/task.hpp:527, sdbusplus/include/sdbusplus/asio/connection.hpp:241"
std::any,4,"sdbusplus/include/sdbusplus/async/stdexec/task.hpp:286, sdbusplus/include/sdbusplus/asio/object_server.hpp:48, sdbusplus/include/sdbusplus/asio/object_server.hpp:59"
std::destroy_at,4,"sdbusplus/include/sdbusplus/async/stdexec/__detail/__variant.hpp:90, sdbusplus/include/sdbusplus/async/stdexec/__detail/__manual_lifetime.hpp:77, sdbusplus/include/sdbusplus/async/stdexec/__detail/__optional.hpp:79"
std::is_convertible_v,4,"sdbusplus/include/sdbusplus/async/stdexec/__detail/__config.hpp:354, sdbusplus/include/sdbusplus/message/read.hpp:139, sdbusplus/include/sdbusplus/message/read.hpp:140"
std::as_const,4,"sdbusplus/include/sdbusplus/async/stdexec/__detail/__env.hpp:119, sdbusplus/include/sdbusplus/async/stdexec/__detail/__env.hpp:139, sdbusplus/include/sdbusplus/async/stdexec/__detail/__env.hpp:810"
std::unwrap_reference_t,4,"sdbusplus/include/sdbusplus/async/stdexec/__detail/__env.hpp:476, sdbusplus/include/sdbusplus/async/stdexec/__detail/__env.hpp:557, sdbusplus/include/sdbusplus/async/stdexec/__detail/__env.hpp:750"
std::uint16_t,4,"phosphor-power/phosphor-power-supply/power_supply.cpp:29, phosphor-power/phosphor-power-supply/power_supply.hpp:94, phosphor-power/power-supply/power_supply.cpp:72"
std::FILE,4,"phosphor-state-manager/test/systemd_parser.cpp:43, phosphor-state-manager/test/systemd_parser.cpp:87, phosphor-state-manager/test/systemd_parser.cpp:102"
std::fclose,4,"phosphor-state-manager/test/systemd_parser.cpp:45, phosphor-state-manager/test/systemd_parser.cpp:49, phosphor-state-manager/test/systemd_parser.cpp:89"
std::uniform_int_distribution,3,"bmcweb/redfish-core/include/event_service_manager.hpp:315, bmcweb/src/ssl_key_handler.cpp:289, bmcweb/src/ossl_random.cpp:58"
std::underlying_type_t,3,"bmcweb/redfish-core/include/utils/dbus_utils.hpp:32, phosphor-logging/extensions/openpower-pels/pldm_interface.cpp:317, phosphor-logging/lib/include/phosphor-logging/lg2/conversion.hpp:327"
std::add_const_t,3,"bmcweb/redfish-core/include/utils/json_utils.hpp:246, sdbusplus/include/sdbusplus/async/stdexec/__detail/__env.hpp:604, sdbusplus/include/sdbusplus/async/stdexec/__detail/__env.hpp:648"
std::add_pointer_t,3,"bmcweb/redfish-core/include/utils/json_utils.hpp:246, phosphor-host-ipmid/include/ipmid/utility.hpp:150, sdbusplus/include/sdbusplus/utility/type_traits.hpp:30"
std::remove_pointer_t,3,"bmcweb/redfish-core/include/utils/json_utils.hpp:553, bmcweb/redfish-core/include/utils/json_utils.hpp:578, sdbusplus/include/sdbusplus/unpack_properties.hpp:48"
std::accumulate,3,"entity-manager/src/fru_device/fru_utils.cpp:618, phosphor-host-ipmid/ipmi_fru_info_area.cpp:89, phosphor-host-ipmid/transport/serialbridge/serialcmd.cpp:38"
std::inserter,3,"entity-manager/src/entity_manager/entity_manager.cpp:567, entity-manager/src/entity_manager/entity_manager.cpp:583, pldm/host-bmc/utils.cpp:239"
std::integral,3,"dbus-sensors/src/VariantVisitors.hpp:72, dbus-sensors/src/VariantVisitors.hpp:72, sdbusplus/include/sdbusplus/async/stdexec/__detail/__concepts.hpp:114"
std::domain_error,3,"dbus-sensors/src/nvme/NVMeBasicContext.cpp:56, phosphor-host-ipmid/app/watchdog.cpp:124, phosphor-host-ipmid/app/watchdog.cpp:254"
std::u16string,3,"pldm/platform-mc/terminus.cpp:327, pldm/platform-mc/terminus.cpp:388, pldm/pldmtool/pldm_platform_cmd.cpp:1026"
std::wstring_convert,3,"pldm/platform-mc/terminus.cpp:333, pldm/platform-mc/terminus.cpp:394, pldm/pldmtool/pldm_platform_cmd.cpp:1035"
std::codecvt_utf8_utf16,3,"pldm/platform-mc/terminus.cpp:333, pldm/platform-mc/terminus.cpp:394, pldm/pldmtool/pldm_platform_cmd.cpp:1035"
std::all_of,3,"phosphor-host-ipmid/chassishandler.cpp:405, phosphor-logging/extensions/openpower-pels/src.cpp:1590, phosphor-logging/extensions/openpower-pels/pel.cpp:250"
std::invoke,3,"phosphor-host-ipmid/transporthandler.hpp:91, sdbusplus/include/sdbusplus/async/stdexec/__detail/__tag_invoke.hpp:29, sdbusplus/include/sdbusplus/async/stdexec/__detail/__tag_invoke.hpp:65"
std::memset,3,"phosphor-host-ipmid/dbus-sdr/sensorcommands.cpp:2101, phosphor-host-ipmid/user_channel/user_mgmt.cpp:1021, phosphor-host-ipmid/user_channel/user_mgmt.cpp:1053"
std::strtoul,3,"phosphor-logging/extensions/openpower-pels/registry.cpp:220, phosphor-logging/extensions/openpower-pels/registry.cpp:262, phosphor-logging/extensions/openpower-pels/src.cpp:417"
std::any_of,3,"phosphor-logging/extensions/openpower-pels/user_header.cpp:303, phosphor-logging/extensions/openpower-pels/pel.cpp:74, phosphor-power/phosphor-power-supply/psu_manager.cpp:574"
std::condition_variable,3,"sdbusplus/include/sdbusplus/event.hpp:42, sdbusplus/include/sdbusplus/async/context.hpp:119, sdbusplus/include/sdbusplus/async/stdexec/__detail/__run_loop.hpp:208"
std::max_align_t,3,"sdbusplus/include/sdbusplus/async/stdexec/any_sender_of.hpp:298, sdbusplus/include/sdbusplus/async/stdexec/any_sender_of.hpp:306, sdbusplus/include/sdbusplus/async/stdexec/any_sender_of.hpp:1271"
std::is_nothrow_move_constructible_v,3,"sdbusplus/include/sdbusplus/async/stdexec/any_sender_of.hpp:477, sdbusplus/include/sdbusplus/async/stdexec/env.hpp:146, sdbusplus/include/sdbusplus/async/stdexec/__detail/__meta.hpp:1025"
std::identity,3,"sdbusplus/include/sdbusplus/async/stdexec/__detail/__receiver_ref.hpp:44, sdbusplus/include/sdbusplus/async/stdexec/__detail/__receiver_ref.hpp:71, sdbusplus/include/sdbusplus/async/stdexec/__detail/__receiver_ref.hpp:100"
std::index_sequence,3,"sdbusplus/include/sdbusplus/message/types.hpp:290, sdbusplus/include/sdbusplus/utility/type_traits.hpp:97, sdbusplus/include/sdbusplus/utility/read_into_tuple.hpp:30"
std::isdigit,2,"bmcweb/include/human_sort.hpp:12, dbus-sensors/src/psu/PSUSensorMain.cpp:702"
std::is_invocable_v,2,"bmcweb/redfish-core/include/redfishoemrule.hpp:54, bmcweb/http/routing/taggedrule.hpp:40"
std::invoke_result_t,2,"bmcweb/redfish-core/include/redfishoemrule.hpp:59, bmcweb/http/routing/taggedrule.hpp:45"
std::is_floating_point_v,2,"bmcweb/redfish-core/include/utils/json_utils.hpp:101, bmcweb/redfish-core/include/utils/json_utils.hpp:162"
std::is_unsigned_v,2,"bmcweb/redfish-core/include/utils/json_utils.hpp:201, dbus-sensors/src/Utils.hpp:173"
std::isalnum,2,"bmcweb/redfish-core/include/utils/query_param.hpp:123, sdbusplus/src/message/native_types.cpp:38"
std::next,2,"bmcweb/redfish-core/include/utils/query_param.hpp:944, pldm/host-bmc/utils.cpp:26"
std::ratio_multiply,2,"bmcweb/redfish-core/include/utils/extern/date.h:179, bmcweb/redfish-core/src/utils/time_utils.cpp:265"
std::void_t,2,"bmcweb/redfish-core/include/utils/extern/date.h:1010, bmcweb/redfish-core/include/utils/extern/date.h:1016"
std::streamsize,2,"bmcweb/redfish-core/include/utils/extern/date.h:1040, bmcweb/redfish-core/include/utils/extern/date.h:1041"
std::uncaught_exceptions,2,"bmcweb/redfish-core/include/utils/extern/date.h:1082, phosphor-host-ipmid/include/ipmid/message.hpp:124"
std::int64_t,2,"bmcweb/redfish-core/include/utils/extern/date.h:1110, bmcweb/redfish-core/include/utils/extern/date.h:1114"
std::fixed,2,"bmcweb/redfish-core/include/utils/extern/date.h:4021, bmcweb/redfish-core/lib/systems_logservices_postcodes.hpp:256"
std::numpunct,2,"bmcweb/redfish-core/include/utils/extern/date.h:4037, bmcweb/redfish-core/include/utils/extern/date.h:6397"
std::to_wstring,2,"bmcweb/redfish-core/include/utils/extern/date.h:4774, bmcweb/redfish-core/include/utils/extern/date.h:4786"
std::basic_string_view,2,"bmcweb/redfish-core/include/utils/extern/date.h:8113, bmcweb/src/webserver_run.cpp:39"
std::fabs,2,"bmcweb/redfish-core/src/filter_expr_executor.cpp:211, bmcweb/redfish-core/src/filter_expr_executor.cpp:214"
std::regex_error,2,"entity-manager/src/utils.cpp:160, phosphor-logging/extensions/openpower-pels/tools/peltool.cpp:786"
std::underlying_type,2,"entity-manager/src/fru_device/fru_utils.hpp:98, phosphor-host-ipmid/include/ipmid/message/types.hpp:105"
std::ssub_match,2,"entity-manager/src/fru_device/fru_utils.cpp:1109, entity-manager/src/fru_device/fru_device.cpp:419"
std::future_status,2,"entity-manager/src/fru_device/fru_device.cpp:608, entity-manager/src/fru_device/fru_device.cpp:610"
std::set_intersection,2,"entity-manager/src/entity_manager/entity_manager.cpp:565, entity-manager/src/entity_manager/entity_manager.cpp:581"
std::strcspn,2,"dbus-sensors/src/Utils.cpp:737, dbus-sensors/src/Utils.cpp:738"
std::toupper,2,"dbus-sensors/src/intel-cpu/IntelCPUSensorMain.cpp:149, dbus-sensors/src/psu/PSUSensorMain.cpp:902"
std::floor,2,"dbus-sensors/src/exit-air/ExitAirTempSensor.cpp:662, pldm/fw-update/update_manager.cpp:273"
std::stack,2,"pldm/libpldmresponder/fru.cpp:53, pldm/libpldmresponder/fru.cpp:63"
std::popcount,2,"pldm/libpldmresponder/platform.cpp:784, phosphor-logging/lib/include/phosphor-logging/lg2/flags.hpp:48"
std::bad_optional_access,2,"pldm/oem/ibm/libpldmresponder/collect_slot_vpd.cpp:78, pldm/oem/ibm/libpldmresponder/collect_slot_vpd.cpp:271"
std::free,2,"pldm/softoff/softoff.cpp:341, pldm/softoff/softoff.cpp:342"
std::stoll,2,"pldm/pldmtool/pldm_bios_cmd.cpp:891, phosphor-logging/util.cpp:103"
std::ostream_iterator,2,"phosphor-host-ipmid/chassishandler.cpp:441, phosphor-host-ipmid/chassishandler.cpp:453"
std::max_element,2,"phosphor-host-ipmid/apphandler.cpp:516, phosphor-host-ipmid/oem/example/apphandler.cpp:206"
std::bit_or,2,"phosphor-host-ipmid/apphandler.cpp:1697, phosphor-host-ipmid/apphandler.cpp:1699"
std::fmin,2,"phosphor-host-ipmid/dbus-sdr/sensorcommands.cpp:290, phosphor-host-ipmid/dbus-sdr/sensorcommands.cpp:311"
std::fmax,2,"phosphor-host-ipmid/dbus-sdr/sensorcommands.cpp:298, phosphor-host-ipmid/dbus-sdr/sensorcommands.cpp:319"
std::is_arithmetic,2,"phosphor-host-ipmid/include/ipmid/utils.hpp:442, phosphor-host-ipmid/include/ipmid/utils.hpp:449"
std::is_integral_v,2,"phosphor-host-ipmid/include/ipmid/message/pack.hpp:84, sdbusplus/include/sdbusplus/async/stdexec/__detail/__concepts.hpp:119"
std::lower_bound,2,"phosphor-logging/elog_meta.hpp:65, phosphor-logging/elog_meta.cpp:30"
std::length_error,2,"phosphor-logging/extensions/openpower-pels/manager.cpp:274, phosphor-logging/extensions/openpower-pels/manager.cpp:288"
std::is_integral,2,"phosphor-logging/extensions/openpower-pels/json_utils.hpp:72, phosphor-logging/lib/include/phosphor-logging/log.hpp:109"
std::va_list,2,"phosphor-logging/lib/lg2_logger.cpp:238, phosphor-logging/lib/include/phosphor-logging/lg2/logger.hpp:13"
std::convertible_to,2,"phosphor-logging/lib/include/phosphor-logging/lg2/concepts.hpp:11, sdbusplus/include/sdbusplus/async/stdexec/__detail/__concepts.hpp:111"
std::is_array_v,2,"phosphor-logging/lib/include/phosphor-logging/lg2/concepts.hpp:15, sdbusplus/include/sdbusplus/utility/type_traits.hpp:28"
std::signed_integral,2,"phosphor-logging/lib/include/phosphor-logging/lg2/conversion.hpp:76, phosphor-logging/lib/include/phosphor-logging/lg2/conversion.hpp:109"
std::floating_point,2,"phosphor-logging/lib/include/phosphor-logging/lg2/conversion.hpp:77, phosphor-logging/lib/include/phosphor-logging/lg2/conversion.hpp:145"
std::isinf,2,"sdbusplus/test/server/object.cpp:161, sdbusplus/test/server/object.cpp:163"
std::signbit,2,"sdbusplus/test/server/object.cpp:162, sdbusplus/test/server/object.cpp:164"
std::execution,2,"sdbusplus/include/sdbusplus/async/execution.hpp:22, sdbusplus/include/sdbusplus/async/context.hpp:103"
std::stop_source,2,"sdbusplus/include/sdbusplus/async/context.hpp:108, sdbusplus/include/sdbusplus/async/context.hpp:115"
std::in_place_type_t,2,"sdbusplus/include/sdbusplus/async/stdexec/any_sender_of.hpp:353, sdbusplus/include/sdbusplus/async/stdexec/any_sender_of.hpp:522"
std::is_nothrow_constructible_v,2,"sdbusplus/include/sdbusplus/async/stdexec/task.hpp:211, sdbusplus/include/sdbusplus/async/stdexec/__detail/__config.hpp:385"
std::suspend_never,2,"sdbusplus/include/sdbusplus/async/stdexec/coroutine.hpp:53, sdbusplus/include/sdbusplus/async/stdexec/coroutine.hpp:58"
std::default_delete,2,"sdbusplus/include/sdbusplus/async/stdexec/async_scope.hpp:539, sdbusplus/include/sdbusplus/async/stdexec/async_scope.hpp:545"
std::is_object_v,2,"sdbusplus/include/sdbusplus/async/stdexec/__detail/__concepts.hpp:222, sdbusplus/include/sdbusplus/async/stdexec/__detail/__operation_states.hpp:69"
std::construct_at,2,"sdbusplus/include/sdbusplus/async/stdexec/__detail/__manual_lifetime.hpp:56, sdbusplus/include/sdbusplus/async/stdexec/__detail/__manual_lifetime.hpp:68"
std::addressof,2,"sdbusplus/include/sdbusplus/async/stdexec/__detail/__optional.hpp:79, sdbusplus/include/sdbusplus/async/stdexec/__detail/__optional.hpp:160"
std::bool_constant,2,"sdbusplus/include/sdbusplus/async/stdexec/__detail/__meta.hpp:76, sdbusplus/include/sdbusplus/async/stdexec/__detail/__meta.hpp:80"
std::is_fundamental_v,2,"sdbusplus/include/sdbusplus/message/read.hpp:138, sdbusplus/include/sdbusplus/message/append.hpp:160"
std::strings,2,"sdbusplus/include/sdbusplus/message/read.hpp:173, sdbusplus/include/sdbusplus/message/append.hpp:206"
std::tuples,2,"sdbusplus/include/sdbusplus/message/read.hpp:287, sdbusplus/include/sdbusplus/message/append.hpp:304"
std::pairs,2,"sdbusplus/include/sdbusplus/message/read.hpp:287, sdbusplus/include/sdbusplus/message/append.hpp:287"
std::boolalpha,2,"phosphor-power/phosphor-regulators/src/actions/compare_presence_action.cpp:54, phosphor-power/phosphor-regulators/src/actions/pmbus_write_vout_command_action.cpp:91"
std::raise,1,bmcweb/include/sessions.hpp:414
std::streampos,1,bmcweb/redfish-core/include/filesystem_log_watcher.hpp:17
std::variant_size_v,1,bmcweb/redfish-core/include/utils/json_utils.hpp:141
std::variant_alternative_t,1,bmcweb/redfish-core/include/utils/json_utils.hpp:143
std::is_signed_v,1,bmcweb/redfish-core/include/utils/json_utils.hpp:187
std::ratio_,1,bmcweb/redfish-core/include/utils/extern/date.h:175
std::ratio_divide,1,bmcweb/redfish-core/include/utils/extern/date.h:182
std::uncaught_exception,1,bmcweb/redfish-core/include/utils/extern/date.h:1084
std::int32_t,1,bmcweb/redfish-core/include/utils/extern/date.h:1106
std::is_convertible,1,bmcweb/redfish-core/include/utils/extern/date.h:4224
std::atto,1,bmcweb/redfish-core/include/utils/extern/date.h:4535
std::femto,1,bmcweb/redfish-core/include/utils/extern/date.h:4544
std::pico,1,bmcweb/redfish-core/include/utils/extern/date.h:4553
std::nano,1,bmcweb/redfish-core/include/utils/extern/date.h:4562
std::centi,1,bmcweb/redfish-core/include/utils/extern/date.h:4606
std::deca,1,bmcweb/redfish-core/include/utils/extern/date.h:4615
std::deci,1,bmcweb/redfish-core/include/utils/extern/date.h:4624
std::hecto,1,bmcweb/redfish-core/include/utils/extern/date.h:4633
std::kilo,1,bmcweb/redfish-core/include/utils/extern/date.h:4642
std::mega,1,bmcweb/redfish-core/include/utils/extern/date.h:4651
std::giga,1,bmcweb/redfish-core/include/utils/extern/date.h:4660
std::tera,1,bmcweb/redfish-core/include/utils/extern/date.h:4669
std::peta,1,bmcweb/redfish-core/include/utils/extern/date.h:4678
std::exa,1,bmcweb/redfish-core/include/utils/extern/date.h:4687
std::wstring,1,bmcweb/redfish-core/include/utils/extern/date.h:4771
std::malloc,1,bmcweb/redfish-core/include/utils/extern/date.h:4961
std::time_put,1,bmcweb/redfish-core/include/utils/extern/date.h:5083
std::reverse,1,bmcweb/redfish-core/include/utils/extern/date.h:6542
std::time_get,1,bmcweb/redfish-core/include/utils/extern/date.h:6599
std::setprecision,1,bmcweb/redfish-core/lib/systems_logservices_postcodes.hpp:258
std::equal_range,1,bmcweb/redfish-core/src/filter_expr_executor.cpp:96
std::format_error,1,bmcweb/http/logging.hpp:145
std::gmtime,1,entity-manager/src/fru_device/fru_utils.cpp:543
std::strftime,1,entity-manager/src/fru_device/fru_utils.cpp:547
std::right,1,entity-manager/src/fru_device/fru_device.cpp:107
std::future,1,entity-manager/src/fru_device/fru_device.cpp:459
std::async,1,entity-manager/src/fru_device/fru_device.cpp:459
std::launch,1,entity-manager/src/fru_device/fru_device.cpp:459
std::iota,1,entity-manager/src/entity_manager/perform_scan.cpp:429
std::isspace,1,dbus-sensors/src/intel-cpu/IntelCPUSensorMain.cpp:140
std::bad_alloc,1,dbus-sensors/src/tests/test_Utils.cpp:31
std::empty,1,pldm/platform-mc/terminus_manager.cpp:775
std::piecewise_construct,1,pldm/platform-mc/sensor_manager.cpp:125
std::abort,1,pldm/libpldmresponder/fru_parser.cpp:53
std::replace_if,1,pldm/common/utils.cpp:638
std::generic_category,1,pldm/common/transport.cpp:128
std::multimap,1,pldm/common/types.hpp:112
std::is_void,1,pldm/common/bios_utils.hpp:47
std::includes,1,pldm/fw-update/update_manager.cpp:163
std::remove_if,1,phosphor-host-ipmid/dbus-sdr/sdrutils.cpp:97
std::is_array,1,phosphor-host-ipmid/include/ipmid/utility.hpp:148
std::is_fundamental,1,phosphor-host-ipmid/include/ipmid/message/unpack.hpp:80
std::strncmp,1,phosphor-host-ipmid/user_channel/passwd_mgr.cpp:310
std::stoull,1,phosphor-logging/test/log_manager_dbus_tests.cpp:194
std::isxdigit,1,phosphor-logging/extensions/openpower-pels/src.cpp:1592
std::unique,1,phosphor-logging/extensions/openpower-pels/data_interface.cpp:805
std::scoped_lock,1,phosphor-logging/lib/lg2_logger.cpp:204
std::remove_cv,1,phosphor-logging/lib/include/phosphor-logging/log.hpp:100
std::remove_pointer,1,phosphor-logging/lib/include/phosphor-logging/log.hpp:100
std::is_enum,1,phosphor-logging/lib/include/phosphor-logging/log.hpp:110
std::is_floating_point,1,phosphor-logging/lib/include/phosphor-logging/log.hpp:111
std::constructible_from,1,phosphor-logging/lib/include/phosphor-logging/lg2/conversion.hpp:31
std::unsigned_integral,1,phosphor-logging/lib/include/phosphor-logging/lg2/conversion.hpp:52
std::ctime,1,sdbusplus/example/asio-example.cpp:239
std::runtime,1,sdbusplus/include/sdbusplus/timer.hpp:159
std::is_function_v,1,sdbusplus/include/sdbusplus/message.hpp:472
std::is_invocable_r_v,1,sdbusplus/include/sdbusplus/async/callback.hpp:18
std::equality_comparable,1,sdbusplus/include/sdbusplus/async/stdexec/__detail/__concepts.hpp:113
std::common_reference_with,1,sdbusplus/include/sdbusplus/async/stdexec/__detail/__concepts.hpp:189
std::experimental,1,sdbusplus/include/sdbusplus/async/stdexec/__detail/__config.hpp:208
std::is_trivially_copyable_v,1,sdbusplus/include/sdbusplus/async/stdexec/__detail/__config.hpp:340
std::is_constructible_v,1,sdbusplus/include/sdbusplus/async/stdexec/__detail/__config.hpp:377
std::is_trivially_constructible_v,1,sdbusplus/include/sdbusplus/async/stdexec/__detail/__config.hpp:393
std::is_empty_v,1,sdbusplus/include/sdbusplus/async/stdexec/__detail/__config.hpp:399
std::unreachable,1,sdbusplus/include/sdbusplus/async/stdexec/__detail/__config.hpp:432
std::iterator_traits,1,sdbusplus/include/sdbusplus/async/stdexec/__detail/__ranges.hpp:122
std::in_place_t,1,sdbusplus/include/sdbusplus/async/stdexec/__detail/__optional.hpp:71
std::invocable,1,sdbusplus/include/sdbusplus/async/stdexec/__detail/__tag_invoke.hpp:24
std::forward_iterator_tag,1,sdbusplus/include/sdbusplus/async/stdexec/__detail/__intrusive_slist.hpp:104
std::any_cast,1,sdbusplus/include/sdbusplus/asio/object_server.hpp:365
std::vectors,1,sdbusplus/include/sdbusplus/message/read.hpp:213
std::string_views,1,sdbusplus/include/sdbusplus/message/append.hpp:218
std::cbegin,1,sdbusplus/include/sdbusplus/utility/container_traits.hpp:28
std::defer_lock_t,1,sdbusplus/src/event.cpp:181
std::none_of,1,sdbusplus/src/message/native_types.cpp:129
std::feof,1,phosphor-power/phosphor-regulators/test/validate-regulators-config_tests.cpp:163
std::nested_exception,1,phosphor-power/phosphor-regulators/src/exception_utils.cpp:50
std::lround,1,phosphor-power/phosphor-regulators/src/pmbus_utils.hpp:211
std::nouppercase,1,phosphor-power/phosphor-regulators/src/actions/pmbus_read_sensor_action.cpp:84
